{"size":{"x":"10","y":"10"},"layers":{"ground":[["4",6,0],["4",5,0],["4",2,9],["4",1,9],["4",4,0],["4",0,9],["4",0,8],["4",0,7],["4",0,6],["4",0,5],["4",3,0],["4",2,0],["4",0,4],["4",0,3],["4",2,7],["4",0,2],["4",1,0],["4",5,9],["4",4,9],["4",8,0],["4",7,0],["4",3,9],["4",9,7],["4",9,6],["4",9,5],["4",9,4],["4",9,3],["4",9,2],["4",9,1],["4",8,9],["4",7,9],["4",9,0],["4",6,9],["4",6,1],["4",5,1],["4",4,1],["4",3,1],["4",2,1],["4",1,1],["4",9,9],["4",9,8],["4",5,2],["4",4,2],["4",3,2],["4",1,8],["4",1,7],["4",1,6],["4",1,5],["4",1,4],["4",1,3],["4",2,2],["4",1,2],["4",8,1],["4",7,0],["4",7,1],["4",3,8],["4",2,8],["4",8,8],["4",8,7],["4",8,6],["4",8,5],["4",8,4],["4",8,3],["4",8,2],["4",7,2],["4",6,2],["1",4,4],["2",5,4],["3",6,4],["6",5,5],["5",4,5],["7",6,5],["10",4,6],["11",5,6],["12",6,6],["4",3,6],["4",5,3],["4",4,3],["4",3,5],["4",0,1],["4",2,6],["4",2,5],["4",2,4],["4",3,4],["4",3,3],["4",2,3],["4",5,7],["4",4,7],["4",3,7],["4",7,6],["4",7,5],["4",7,4],["4",7,3],["4",6,3],["4",0,0],["4",7,8],["4",6,8],["4",5,8],["4",4,8],["4",7,7],["4",6,7]],"active":[["aggressive-mob-1",3,8],["aggressive-mob-1",7,4],["aggressive-mob-2",3,4],["aggressive-mob-2",7,8],["player-1",5,5]],"static":[["wall-1",1,12]],"top":[["wall-2",1,-3]],"events":[["new-map-1",8,5]],"wall":[[0,0,0,0,0,0,0,0,0,0],[0,0,0,0,0,0,0,0,0,0],[0,1,0,0,0,0,0,0,1,0],[0,1,0,0,0,0,0,0,1,0],[0,1,0,0,0,0,0,0,0,0],[0,1,0,0,0,0,0,0,0,0],[0,1,0,0,0,0,0,0,0,0],[0,1,0,0,0,0,0,0,1,0],[0,1,0,0,0,0,0,0,1,0],[0,1,1,1,1,1,1,1,1,0]]}}