{
    "player-1" : {
        "type" : "player",
        "size" : { "x" : 60, "y" : 120 },
        "offset" : { "x" : 0, "y" : -80 },
        "image" : "images/sprites/h5.png",
        "sprites" : {
            "direction" : [0, 0, 120, 120, 0, 0, 60, 60],
            "move" : [0, 0, -120, -120, 0, 0, -60, -60],
            "attack" : [-240, -180, -240, -180, -240, -180, -240, -180]
        },
        "corpse" : {
            "size" : { "x" : 60, "y" : 40 },
            "offset" : { "x" : 0, "y" : 0 },
            "sprite" : { "x" : 0, "y" : -960 }
        },
        "game" : {
            "hp" : 600,
            "attack" : {
                "damage" : 50,
                "radius" : 5
            }
        },
        "labels" : {
            "name" : "Player",
            "editor" : "Base player 1"
        }
    },
    "aggressive-mob-1" : {
        "type" : "aggressive-mob",
        "size" : { "x" : 60, "y" : 120 },
        "offset" : { "x" : 0, "y" : -80 },
        "image" : "images/sprites/h4.png",
        "sprites" : {
            "direction" : [0, 0, 120, 120, 0, 0, 60, 60],
            "move" : [0, 0, -120, -120, 0, 0, -60, -60],
            "attack" : [-240, -180, -240, -180, -240, -180, -240, -180]
        },
        "corpse" : {
            "size" : { "x" : 60, "y" : 40 },
            "offset" : { "x" : 0, "y" : 0 },
            "sprite" : { "x" : 0, "y" : -960 }
        },
        "game" : {
            "hp" : 200,
            "attack" : {
                "damage" : 5,
                "radius" : 5
            }
        },
        "labels" : {
            "name" : "Mob",
            "editor" : "Aggressive mob 1"
        }
    },
    "aggressive-mob-2" : {
        "type" : "aggressive-mob",
        "size" : { "x" : 60, "y" : 120 },
        "offset" : { "x" : 0, "y" : -80 },
        "image" : "images/sprites/h5.png",
        "sprites" : {
            "direction" : [0, 0, 120, 120, 0, 0, 60, 60],
            "move" : [0, 0, -120, -120, 0, 0, -60, -60],
            "attack" : [-240, -180, -240, -180, -240, -180, -240, -180]
        },
        "corpse" : {
            "size" : { "x" : 60, "y" : 40 },
            "offset" : { "x" : 0, "y" : 0 },
            "sprite" : { "x" : 0, "y" : -960 }
        },
        "game" : {
            "hp" : 200,
            "attack" : {
                "damage" : 5,
                "radius" : 5
            }
        },
        "labels" : {
            "name" : "Mob",
            "editor" : "Aggressive mob 2"
        }
    }
}